<?xml version="1.0" encoding="UTF-8" ?>
<!DOCTYPE mapper
  PUBLIC "-//mybatis.org//DTD Mapper 3.0//EN"
  "http://mybatis.org/dtd/mybatis-3-mapper.dtd">
  <!-- 객체가 되기 위해선 반드시 id 를 필요로 함 따라서 마이바티스 내부의 객체들은 반드시 id를 갖춤 -->
<mapper namespace="com.gms.web.mapper.MemberMapper">
	<select id="selectOne" resultType="com.gms.web.domain.MemberDTO">
		SELECT * FROM MEMBER WHERE MEMID LIKE #{memid}
	</select>
	<select id="get" resultType="com.gms.web.domain.MemberDTO">
		SELECT MEMID, TEAMID, MEMNAME, AGE, ROLL, PASS, SSN, GENDER
	FROM MEMBER
	<where>
		<if test=" memid != null and memid != '' ">
			MEMID LIKE #{memid}
		</if>
		<if test=" pass != null and pass != '' ">
		AND PASS LIKE #{pass}
		</if>
	</where>
	</select>
	<select  id="count" resultType="Integer">
		SELECT COUNT(*) AS COUNT FROM MEMBER
	<where>
			<if test=" memid != null and memid != '' ">
				MEMID LIKE #{memid}
			</if>
</where>
	</select>
	<select id="exist" resultType="string">
		SELECT MEMID
		FROM MEMBER
		WHERE MEMID LIKE #{memid}
	</select>
	
	<insert id="post" >
		INSERT INTO MEMBER 
		(MEMID, PASS, MEMNAME, AGE, SSN, TEAMID, ROLL, GENDER, SUBJECT)
		VALUES (#{memid},#{pass},#{memname},#{age},#{ssn},#{teamid},#{roll},#{gender},#{subject})
	</insert>
	
	<update id="put" >
	UPDATE MEMBER SET PASS = #{pass} , TEAMID = #{teamid}, ROLL = #{roll} WHERE MEMID LIKE #{memid};
	</update>
	<delete id="delete" >
		DELETE FROM MEMBER WHERE MEMID LIKE #{memid} AND PASS LIKE #{pass}
	</delete>
	
</mapper>
