<?xml version="1.0" encoding="UTF-8"?>
<beans xmlns="http://www.springframework.org/schema/beans"
	xmlns:xsi="http://www.w3.org/2001/XMLSchema-instance"
	xmlns:aop="http://www.springframework.org/schema/aop"
	xmlns:context="http://www.springframework.org/schema/context"
	xmlns:jdbc="http://www.springframework.org/schema/jdbc"
	xmlns:mvc="http://www.springframework.org/schema/mvc"
	xmlns:tx="http://www.springframework.org/schema/tx"
	xmlns:util="http://www.springframework.org/schema/util"
	xmlns:c="http://www.springframework.org/schema/c"
	xmlns:mybatis-spring="http://mybatis.org/schema/mybatis-spring"
	xsi:schemaLocation="http://www.springframework.org/schema/jdbc http://www.springframework.org/schema/jdbc/spring-jdbc-4.2.xsd
		http://www.springframework.org/schema/mvc http://www.springframework.org/schema/mvc/spring-mvc-4.2.xsd
		http://mybatis.org/schema/mybatis-spring http://mybatis.org/schema/mybatis-spring-1.2.xsd
		http://www.springframework.org/schema/beans http://www.springframework.org/schema/beans/spring-beans.xsd
		http://www.springframework.org/schema/context http://www.springframework.org/schema/context/spring-context-4.2.xsd
		http://www.springframework.org/schema/aop http://www.springframework.org/schema/aop/spring-aop-4.2.xsd
		http://www.springframework.org/schema/tx http://www.springframework.org/schema/tx/spring-tx-4.2.xsd
		http://www.springframework.org/schema/util http://www.springframework.org/schema/util/spring-util-4.2.xsd">
	
	<!-- Root Context: defines shared resources visible to all other web components -->
		<mvc:annotation-driven />
	<mvc:resources mapping="/resources/**" location="/resources/" />
	<bean class="org.springframework.web.servlet.view.ContentNegotiatingViewResolver">
	<property name="viewResolvers">
		<list>
		
			<bean class="org.springframework.web.servlet.view.InternalResourceViewResolver">
				<property name="prefix" value="/WEB-INF/views/" />
				<property name="suffix" value=".jsp" /> 
			</bean>
		</list>
	</property>
	</bean>
	
	
	<!-- 
	<bean class="org.springframework.web.servlet.view.InternalResourceViewResolver">
		<property name="prefix" value="/WEB-INF/views/" />
		<property name="suffix" value=".jsp" /> 요것이 include 라고 생각하시면 됩니다
	</bean>
	 -->
	<context:component-scan base-package="com.gms.web" />
	
	<bean id="dataSource" class="org.apache.commons.dbcp.BasicDataSource">
	<property name="driverClassName" value="org.mariadb.jdbc.Driver"></property>
	<property name="url" value="jdbc:mysql://localhost:3306/mariadb"></property>
	<property name="username" value="mariadb"></property>
	<property name="password" value="mariadb"></property>
		</bean>
	<bean id="sqlSessionFactoryBean" class="org.mybatis.spring.SqlSessionFactoryBean">
		<property name="dataSource" ref="dataSource"></property>
		<property name="mapperLocations" value="classpath:com/gms/web/mapper/*Mapper.xml"></property>
	</bean>
	<bean id="sqlSession" class="org.mybatis.spring.SqlSessionTemplate">
	<constructor-arg ref="sqlSessionFactoryBean"/>
	</bean>
	<mybatis-spring:scan base-package="com.gms.web.mapper"/>
</beans>